[
  {
    "name": "ABT",
    "image": {
      "source": "https://www.carlogos.org/logo/ABT-Sportsline-logo-silver-640x250.jpg"
    }
  },
  {
    "name": "Abarth",
    "image": {
      "source": "https://www.carlogos.org/logo/Abarth-logo-640x540.jpg"
    }
  },
  {
    "name": "Abbott-Detroit",
    "image": { "source": "https://www.carlogos.org/logo/Hupmobile-logo.png" }
  },
  {
    "name": "AC",
    "image": { "source": "https://www.carlogos.org/logo/AC-logo-640x550.jpg" }
  },
  {
    "name": "Abadal",
    "image": {
      "source": "https://www.carlogos.org/logo/Abadal-logo-640x550.jpg"
    }
  },
  {
    "name": "Aiways",
    "image": {
      "source": "https://www.carlogos.org/car-logos/aiways-logo-2100x1350-show.png"
    }
  },
  {
    "name": "Aixam",
    "image": {
      "source": "https://www.carlogos.org/logo/Aixam-logo-2010-640x550.jpg"
    }
  },
  {
    "name": "Acura",
    "image": {
      "source": "https://www.carlogos.org/logo/Acura-logo-1990-640x406.jpg"
    }
  },
  {
    "name": "Alfa Romeo",
    "image": {
      "source": "https://www.carlogos.org/logo/Alfa-Romeo-logo-2015-640x550.jpg"
    }
  },
  {
    "name": "Alpina",
    "image": {
      "source": "https://www.carlogos.org/logo/Alpina-logo-640x550.jpg"
    }
  },
  {
    "name": "Alpine",
    "image": {
      "source": "https://www.carlogos.org/logo/Alpine-logo-640x341.jpg"
    }
  },
  {
    "name": "AMC",
    "image": {
      "source": "https://www.carlogos.org/logo/American-Motors-logo-640x550.jpg"
    }
  },
  {
    "name": "Apollo",
    "image": {
      "source": "https://www.carlogos.org/logo/Apollo-Automobil-logo-640x550.jpg"
    }
  },
  {
    "name": "Alvis",
    "image": {
      "source": "https://www.carlogos.org/logo/Alvis-logo-640x327.jpg"
    }
  },
  {
    "name": "Arcfox",
    "image": {
      "source": "https://www.carlogos.org/car-logos/arcfox-logo-1250x220-show.png"
    }
  },
  {
    "name": "Alta",
    "image": { "source": "https://www.carlogos.org/logo/Hillman-logo.png" }
  },
  {
    "name": "Ariel",
    "image": {
      "source": "https://www.carlogos.org/logo/Ariel-logo-2000-640x550.jpg"
    }
  },
  {
    "name": "Artega",
    "image": {
      "source": "https://www.carlogos.org/logo/Artega-logo-640x550.jpg"
    }
  },
  {
    "name": "Ascari",
    "image": {
      "source": "https://www.carlogos.org/logo/Ascari-logo-1995-640x550.jpg"
    }
  },
  {
    "name": "Arrival",
    "image": {
      "source": "https://www.carlogos.org/car-logos/arrival-logo-2600x350-show.png"
    }
  },
  {
    "name": "Aspark",
    "image": {
      "source": "https://www.carlogos.org/car-logos/aspark-logo-1000x1000-show.png"
    }
  },
  {
    "name": "Arrinera",
    "image": {
      "source": "https://www.carlogos.org/logo/Arrinera-logo-640x486.jpg"
    }
  },
  {
    "name": "Aston Martin",
    "image": {
      "source": "https://www.carlogos.org/logo/Aston-Martin-logo-2003-640x286.jpg"
    }
  },
  {
    "name": "Arash",
    "image": {
      "source": "https://www.carlogos.org/logo/Arash-logo-640x550.jpg"
    }
  },
  {
    "name": "Auburn",
    "image": { "source": "https://www.carlogos.org/logo/Pierce-Arrow-logo.png" }
  },
  {
    "name": "Atalanta",
    "image": {
      "source": "https://www.carlogos.org/logo/Atalanta-Motors-logo-640x127.jpg"
    }
  },
  {
    "name": "Audi",
    "image": {
      "source": "https://www.carlogos.org/car-logos/audi-logo-2016-640.png"
    }
  },
  {
    "name": "Austin",
    "image": { "source": "https://www.carlogos.org/logo/Morris-logo.png" }
  },
  {
    "name": "Audi Sport",
    "image": {
      "source": "https://www.carlogos.org/logo/Audi-Sport-logo-640x76.jpg"
    }
  },
  {
    "name": "Autobianchi",
    "image": {
      "source": "https://www.carlogos.org/logo/Autobianchi-logo-640x550.jpg"
    }
  },
  {
    "name": "Askam",
    "image": {
      "source": "https://www.carlogos.org/logo/Askam-logo-640x124.jpg"
    }
  },
  {
    "name": "Axon",
    "image": {
      "source": "https://www.carlogos.org/logo/Axon-Automotive-logo-640x520.jpg"
    }
  },
  {
    "name": "Baojun",
    "image": {
      "source": "https://www.carlogos.org/logo/Baojun-logo-2010-640x550.jpg"
    }
  },
  {
    "name": "BAIC Motor",
    "image": {
      "source": "https://www.carlogos.org/logo/BAIC-Motor-logo-640x168.jpg"
    }
  },
  {
    "name": "BAC",
    "image": {
      "source": "https://www.carlogos.org/logo/BAC-logo-black-640x297.jpg"
    }
  },
  {
    "name": "Autobacs",
    "image": {
      "source": "https://www.carlogos.org/logo/Autobacs-logo-640x462.jpg"
    }
  },
  {
    "name": "Bentley",
    "image": {
      "source": "https://www.carlogos.org/car-logos/bentley-logo-2002-640.png"
    }
  },
  {
    "name": "Berkeley",
    "image": { "source": "https://www.carlogos.org/logo/Austin-logo.png" }
  },
  {
    "name": "Berliet",
    "image": {
      "source": "https://www.carlogos.org/logo/Berliet-logo-640x550.jpg"
    }
  },
  {
    "name": "BeiBen",
    "image": {
      "source": "https://www.carlogos.org/car-logos/beiben-logo-900x1000-show.png"
    }
  },
  {
    "name": "Bestune",
    "image": {
      "source": "https://www.carlogos.org/car-logos/bestune-logo-2400x1200-show.png"
    }
  },
  {
    "name": "BharatBenz",
    "image": {
      "source": "https://www.carlogos.org/logo/BharatBenz-logo-640x480.jpg"
    }
  },
  {
    "name": "Bertone",
    "image": {
      "source": "https://www.carlogos.org/logo/Bertone-logo-640x388.jpg"
    }
  },
  {
    "name": "Bitter",
    "image": {
      "source": "https://www.carlogos.org/logo/Bitter-logo-640x550.jpg"
    }
  },
  {
    "name": "BMW M",
    "image": {
      "source": "https://www.carlogos.org/logo/BMW-M-logo-640x231.jpg"
    }
  },
  {
    "name": "Borgward",
    "image": {
      "source": "https://www.carlogos.org/logo/Borgward-logo-2016-640x550.jpg"
    }
  },
  {
    "name": "Brabus",
    "image": {
      "source": "https://www.carlogos.org/logo/Brabus-logo-640x281.jpg"
    }
  },
  {
    "name": "Bizzarrini",
    "image": {
      "source": "https://www.carlogos.org/logo/Bizzarrini-logo-640x550.jpg"
    }
  },
  {
    "name": "BMW",
    "image": {
      "source": "https://www.carlogos.org/car-logos/bmw-logo-2020-gray.png"
    }
  },
  {
    "name": "Brilliance",
    "image": {
      "source": "https://www.carlogos.org/logo/Brilliance-logo-640x435.jpg"
    }
  },
  {
    "name": "Brooke",
    "image": {
      "source": "https://www.carlogos.org/logo/Brooke-Cars-logo-640x234.jpg"
    }
  },
  {
    "name": "Brammo",
    "image": {
      "source": "https://www.carlogos.org/logo/Brammo-logo-640x550.jpg"
    }
  },
  {
    "name": "Buick",
    "image": {
      "source": "https://www.carlogos.org/logo/Buick-logo-2002-640x200.jpg"
    }
  },
  {
    "name": "Bugatti",
    "image": {
      "source": "https://www.carlogos.org/logo/Bugatti-logo-640x327.jpg"
    }
  },
  {
    "name": "BYD",
    "image": {
      "source": "https://www.carlogos.org/logo/BYD-logo-2007-640x396.jpg"
    }
  },
  {
    "name": "Bristol",
    "image": { "source": "https://www.carlogos.org/logo/AC-logo.png" }
  },
  {
    "name": "Bufori",
    "image": {
      "source": "https://www.carlogos.org/logo/Bufori-logo-640x202.jpg"
    }
  },
  {
    "name": "Cadillac",
    "image": {
      "source": "https://www.carlogos.org/car-logos/cadillac-logo-2021-full-640.png"
    }
  },
  {
    "name": "Byton",
    "image": {
      "source": "https://www.carlogos.org/car-logos/byton-logo-2100x600-show.png"
    }
  },
  {
    "name": "Bowler",
    "image": {
      "source": "https://www.carlogos.org/logo/Bowler-logo-640x238.jpg"
    }
  },
  {
    "name": "CAMC",
    "image": {
      "source": "https://www.carlogos.org/car-logos/camc-logo-1600x450-show.png"
    }
  },
  {
    "name": "Canoo",
    "image": {
      "source": "https://www.carlogos.org/car-logos/canoo-logo-1100x500-show.png"
    }
  },
  {
    "name": "Carlsson",
    "image": {
      "source": "https://www.carlogos.org/logo/Carlsson-logo-640x550.jpg"
    }
  },
  {
    "name": "Changfeng",
    "image": {
      "source": "https://www.carlogos.org/logo/Changfeng-logo-640x417.jpg"
    }
  },
  {
    "name": "Chevrolet Corvette",
    "image": {
      "source": "https://www.carlogos.org/car-logos/chevrolet-corvette-logo-2020-640.png"
    }
  },
  {
    "name": "Caterham",
    "image": {
      "source": "https://www.carlogos.org/logo/Caterham-logo-640x550.jpg"
    }
  },
  {
    "name": "Changan",
    "image": {
      "source": "https://www.carlogos.org/logo/Changan-logo-2010-640x174.jpg"
    }
  },
  {
    "name": "Caparo",
    "image": {
      "source": "https://www.carlogos.org/logo/Caparo-2006-logo-640x238.jpg"
    }
  },
  {
    "name": "Chevrolet",
    "image": {
      "source": "https://www.carlogos.org/logo/Chevrolet-logo-2013-640x281.jpg"
    }
  },
  {
    "name": "Chrysler",
    "image": {
      "source": "https://www.carlogos.org/car-logos/chrysler-logo-2009-640.png"
    }
  },
  {
    "name": "Cizeta",
    "image": {
      "source": "https://www.carlogos.org/logo/Cizeta-logo-640x347.jpg"
    }
  },
  {
    "name": "Cole",
    "image": { "source": "https://www.carlogos.org/logo/Hupmobile-logo.png" }
  },
  {
    "name": "Corre La Licorne",
    "image": { "source": "https://www.carlogos.org/logo/Berliet-logo.png" }
  },
  {
    "name": "Citroën",
    "image": {
      "source": "https://www.carlogos.org/logo/Citroen-logo-2009-640x550.jpg"
    }
  },
  {
    "name": "Daewoo",
    "image": {
      "source": "https://www.carlogos.org/logo/Daewoo-logo-640x404.jpg"
    }
  },
  {
    "name": "Chery",
    "image": {
      "source": "https://www.carlogos.org/logo/Chery-logo-2013-640x346.jpg"
    }
  },
  {
    "name": "DAF",
    "image": { "source": "https://www.carlogos.org/logo/DAF-logo-640x281.jpg" }
  },
  {
    "name": "Dacia",
    "image": {
      "source": "https://www.carlogos.org/logo/Dacia-logo-2008-640x550.jpg"
    }
  },
  {
    "name": "Cisitalia",
    "image": {
      "source": "https://www.carlogos.org/logo/Intermeccanica-logo.png"
    }
  },
  {
    "name": "Daimler",
    "image": {
      "source": "https://www.carlogos.org/logo/Daimler-logo-640x80.jpg"
    }
  },
  {
    "name": "Dartz",
    "image": {
      "source": "https://www.carlogos.org/logo/Dartz-logo-yellow-640x550.jpg"
    }
  },
  {
    "name": "Datsun",
    "image": {
      "source": "https://www.carlogos.org/logo/Datsun-logo-2013-640x344.jpg"
    }
  },
  {
    "name": "Dayun",
    "image": {
      "source": "https://www.carlogos.org/car-logos/dayun-logo-1100x1100-show.png"
    }
  },
  {
    "name": "Delage",
    "image": {
      "source": "https://www.carlogos.org/logo/Delage-logo-640x428.jpg"
    }
  },
  {
    "name": "Daihatsu",
    "image": {
      "source": "https://www.carlogos.org/logo/Daihatsu-logo-1997-1280x233.png"
    }
  },
  {
    "name": "De Tomaso",
    "image": {
      "source": "https://www.carlogos.org/logo/De-Tomaso-logo-1960-640x550.jpg"
    }
  },
  {
    "name": "DeSoto",
    "image": {
      "source": "https://www.carlogos.org/car-logos/desoto-logo-650x650-show.png"
    }
  },
  {
    "name": "Detroit Electric",
    "image": {
      "source": "https://www.carlogos.org/logo/Detroit-Electric-logo-640x550.jpg"
    }
  },
  {
    "name": "David Brown",
    "image": {
      "source": "https://www.carlogos.org/logo/David-Brown-logo-640x221.jpg"
    }
  },
  {
    "name": "Devel Sixteen",
    "image": {
      "source": "https://www.carlogos.org/logo/Devel-Sixteen-logo-640x550.jpg"
    }
  },
  {
    "name": "Diatto",
    "image": { "source": "https://www.carlogos.org/logo/Innocenti-logo.png" }
  },
  {
    "name": "DKW",
    "image": {
      "source": "https://www.carlogos.org/logo/DKW-logo-black-640x550.jpg"
    }
  },
  {
    "name": "DINA",
    "image": { "source": "https://www.carlogos.org/logo/DINA-logo-640x159.jpg" }
  },
  {
    "name": "DMC",
    "image": { "source": "https://www.carlogos.org/logo/DMC-logo-640x124.jpg" }
  },
  {
    "name": "Dodge",
    "image": {
      "source": "https://www.carlogos.org/car-logos/dodge-logo-2010-640.png"
    }
  },
  {
    "name": "Dodge Viper",
    "image": {
      "source": "https://www.carlogos.org/logo/Viper-logo-640x550.jpg"
    }
  },
  {
    "name": "Drako",
    "image": {
      "source": "https://www.carlogos.org/car-logos/drako-logo-2100x400-show.png"
    }
  },
  {
    "name": "Duesenberg",
    "image": {
      "source": "https://www.carlogos.org/car-logos/duesenberg-logo-1000x600-show.png"
    }
  },
  {
    "name": "Eagle",
    "image": {
      "source": "https://www.carlogos.org/logo/Eagle-automobile-logo-640x514.jpg"
    }
  },
  {
    "name": "Dongfeng",
    "image": {
      "source": "https://www.carlogos.org/logo/Dongfeng-logo-640x117.jpg"
    }
  },
  {
    "name": "EDAG",
    "image": { "source": "https://www.carlogos.org/logo/EDAG-logo-640x158.jpg" }
  },
  {
    "name": "Donkervoort",
    "image": {
      "source": "https://www.carlogos.org/logo/Donkervoort-logo-640x262.jpg"
    }
  },
  {
    "name": "DS",
    "image": {
      "source": "https://www.carlogos.org/logo/DS-logo-2009-640x486.jpg"
    }
  },
  {
    "name": "Edsel",
    "image": {
      "source": "https://www.carlogos.org/logo/Edsel-logo-640x550.jpg"
    }
  },
  {
    "name": "Elemental",
    "image": {
      "source": "https://www.carlogos.org/logo/Elemental-logo-640x218.jpg"
    }
  },
  {
    "name": "Elfin",
    "image": { "source": "https://www.carlogos.org/logo/Holden-logo.png" }
  },
  {
    "name": "ERF",
    "image": { "source": "https://www.carlogos.org/logo/ERF-logo-640x363.jpg" }
  },
  {
    "name": "Eicher",
    "image": {
      "source": "https://www.carlogos.org/logo/Eicher-logo-640x323.jpg"
    }
  },
  {
    "name": "Elva",
    "image": {
      "source": "https://www.carlogos.org/logo/MK-Sportscars-logo.png"
    }
  },
  {
    "name": "Exeed",
    "image": {
      "source": "https://www.carlogos.org/car-logos/exeed-logo-1200x200-show.png"
    }
  },
  {
    "name": "Englon",
    "image": {
      "source": "https://www.carlogos.org/logo/Englon-logo-640x550.jpg"
    }
  },
  {
    "name": "Facel Vega",
    "image": {
      "source": "https://www.carlogos.org/logo/Facel-Vega-logo-640x550.jpg"
    }
  },
  {
    "name": "Faraday Future",
    "image": {
      "source": "https://www.carlogos.org/logo/Faraday-Future-logo-640x472.jpg"
    }
  },
  {
    "name": "FAW",
    "image": { "source": "https://www.carlogos.org/logo/FAW-logo-640x427.jpg" }
  },
  {
    "name": "Eterniti",
    "image": { "source": "https://www.carlogos.org/logo/TechArt-logo.png" }
  },
  {
    "name": "Ferrari",
    "image": {
      "source": "https://www.carlogos.org/car-logos/ferrari-logo-2002-640.png"
    }
  },
  {
    "name": "Fiat",
    "image": {
      "source": "https://www.carlogos.org/logo/Fiat-logo-2006-640x550.jpg"
    }
  },
  {
    "name": "9ff",
    "image": { "source": "https://www.carlogos.org/logo/9ff-logo-640x550.jpg" }
  },
  {
    "name": "Foden",
    "image": {
      "source": "https://www.carlogos.org/logo/Foden-logo-640x480.png"
    }
  },
  {
    "name": "Force Motors",
    "image": {
      "source": "https://www.carlogos.org/logo/Force-Motors-logo-640x424.jpg"
    }
  },
  {
    "name": "FAW Jiefang",
    "image": {
      "source": "https://www.carlogos.org/car-logos/faw-jiefang-950x700-show.png"
    }
  },
  {
    "name": "Fioravanti",
    "image": { "source": "https://www.carlogos.org/logo/Pininfarina-logo.png" }
  },
  {
    "name": "Ford Mustang",
    "image": {
      "source": "https://www.carlogos.org/logo/Mustang-logo-2010-640x359.jpg"
    }
  },
  {
    "name": "Ford",
    "image": {
      "source": "https://www.carlogos.org/car-logos/ford-logo-2017-640.png"
    }
  },
  {
    "name": "FPV",
    "image": {
      "source": "https://www.carlogos.org/logo/FPV-emblem-blue-640x248.jpg"
    }
  },
  {
    "name": "FSO",
    "image": {
      "source": "https://www.carlogos.org/car-logos/fso-logo-1200x500-show.png"
    }
  },
  {
    "name": "Foton",
    "image": {
      "source": "https://www.carlogos.org/logo/Foton-logo-640x195.jpg"
    }
  },
  {
    "name": "Fisker",
    "image": {
      "source": "https://www.carlogos.org/logo/Fisker-logo-2007-640x550.jpg"
    }
  },
  {
    "name": "Franklin",
    "image": { "source": "https://www.carlogos.org/logo/Cole-logo.png" }
  },
  {
    "name": "GAC Group",
    "image": {
      "source": "https://www.carlogos.org/logo/GAC-Group-logo-640x125.jpg"
    }
  },
  {
    "name": "Gardner Douglas",
    "image": {
      "source": "https://www.carlogos.org/logo/Gardner-Douglas-logo-640x269.jpg"
    }
  },
  {
    "name": "Freightliner",
    "image": {
      "source": "https://www.carlogos.org/logo/Freightliner-logo-640x124.jpg"
    }
  },
  {
    "name": "Geely",
    "image": {
      "source": "https://www.carlogos.org/logo/Geely-logo-2014-640x370.jpg"
    }
  },
  {
    "name": "Geo",
    "image": { "source": "https://www.carlogos.org/logo/Geo-logo-640x172.jpg" }
  },
  {
    "name": "GAZ",
    "image": {
      "source": "https://www.carlogos.org/logo/GAZ-logo-2015-640x550.jpg"
    }
  },
  {
    "name": "Genesis",
    "image": {
      "source": "https://www.carlogos.org/logo/Genesis-logo-640x248.jpg"
    }
  },
  {
    "name": "Gilbern",
    "image": { "source": "https://www.carlogos.org/logo/Abadal-logo.png" }
  },
  {
    "name": "Gillet",
    "image": { "source": "https://www.carlogos.org/logo/Gilbern-logo.png" }
  },
  {
    "name": "General Motors",
    "image": {
      "source": "https://www.carlogos.org/logo/General-Motors-logo-2010-3300x3300.png"
    }
  },
  {
    "name": "Geometry",
    "image": {
      "source": "https://www.carlogos.org/car-logos/geometry-logo-640x480.png"
    }
  },
  {
    "name": "Ginetta",
    "image": {
      "source": "https://www.carlogos.org/logo/Ginetta-logo-640x550.jpg"
    }
  },
  {
    "name": "GMC",
    "image": { "source": "https://www.carlogos.org/logo/GMC-logo-640x145.jpg" }
  },
  {
    "name": "Golden Dragon",
    "image": {
      "source": "https://www.carlogos.org/car-logos/golden-dragon-logo-900x700-show.png"
    }
  },
  {
    "name": "Great Wall",
    "image": {
      "source": "https://www.carlogos.org/logo/Great-Wall-logo-2007-640x550.jpg"
    }
  },
  {
    "name": "Grinnall",
    "image": {
      "source": "https://www.carlogos.org/logo/Grinnall-cars-logo-640x309.jpg"
    }
  },
  {
    "name": "Gumpert",
    "image": {
      "source": "https://www.carlogos.org/logo/Gumpert-logo-640x550.jpg"
    }
  },
  {
    "name": "Haval",
    "image": {
      "source": "https://www.carlogos.org/logo/Haval-logo-640x112.jpg"
    }
  },
  {
    "name": "Hawtai",
    "image": {
      "source": "https://www.carlogos.org/logo/Hawtai-logo-640x550.jpg"
    }
  },
  {
    "name": "Gonow",
    "image": {
      "source": "https://www.carlogos.org/logo/Gonow-logo-2010-640x135.jpg"
    }
  },
  {
    "name": "Hennessey",
    "image": {
      "source": "https://www.carlogos.org/logo/Hennessey-text-logo-1186x130.png"
    }
  },
  {
    "name": "Haima",
    "image": {
      "source": "https://www.carlogos.org/logo/Haima-logo-640x432.jpg"
    }
  },
  {
    "name": "Hillman",
    "image": { "source": "https://www.carlogos.org/logo/Marcos-logo.png" }
  },
  {
    "name": "Hindustan Motors",
    "image": {
      "source": "https://www.carlogos.org/logo/Hindustan-Motors-logo-640x459.jpg"
    }
  },
  {
    "name": "Hino",
    "image": { "source": "https://www.carlogos.org/logo/Hino-logo-640x550.jpg" }
  },
  {
    "name": "Hispano-Suiza",
    "image": { "source": "https://www.carlogos.org/logo/SEAT-logo.png" }
  },
  {
    "name": "HiPhi",
    "image": {
      "source": "https://www.carlogos.org/car-logos/hiphi-logo-2100x600-show.png"
    }
  },
  {
    "name": "Hafei",
    "image": {
      "source": "https://www.carlogos.org/logo/Hafei-logo-640x550.jpg"
    }
  },
  {
    "name": "Holden",
    "image": {
      "source": "https://www.carlogos.org/logo/Holden-logo-2016-640x550.jpg"
    }
  },
  {
    "name": "Higer",
    "image": {
      "source": "https://www.carlogos.org/car-logos/higer-logo-800x600-show.png"
    }
  },
  {
    "name": "Honda",
    "image": {
      "source": "https://www.carlogos.org/car-logos/honda-logo-2000-full-640.png"
    }
  },
  {
    "name": "Hongqi",
    "image": {
      "source": "https://www.carlogos.org/car-logos/hongqi-logo-2018-800x600-show.png"
    }
  },
  {
    "name": "Hongyan",
    "image": {
      "source": "https://www.carlogos.org/car-logos/hongyan-logo-1200x1200-show.png"
    }
  },
  {
    "name": "HSV",
    "image": { "source": "https://www.carlogos.org/logo/HSV-logo-640x207.jpg" }
  },
  {
    "name": "Hommell",
    "image": {
      "source": "https://www.carlogos.org/logo/Hommell-logo-640x550.jpg"
    }
  },
  {
    "name": "Horch",
    "image": {
      "source": "https://www.carlogos.org/logo/Horch-logo-black-640x550.jpg"
    }
  },
  {
    "name": "Hupmobile",
    "image": { "source": "https://www.carlogos.org/logo/Pierce-Arrow-logo.png" }
  },
  {
    "name": "Hudson",
    "image": {
      "source": "https://www.carlogos.org/logo/Hudson-logo-640x550.jpg"
    }
  },
  {
    "name": "Hummer",
    "image": {
      "source": "https://www.carlogos.org/logo/Hummer-logo-2000x205.png"
    }
  },
  {
    "name": "Infiniti",
    "image": {
      "source": "https://www.carlogos.org/logo/Infiniti-logo-1989-640x308.jpg"
    }
  },
  {
    "name": "Innocenti",
    "image": { "source": "https://www.carlogos.org/logo/Bizzarrini-logo.png" }
  },
  {
    "name": "IH",
    "image": {
      "source": "https://www.carlogos.org/logo/International-Harvester-logo-640x550.jpg"
    }
  },
  {
    "name": "Intermeccanica",
    "image": { "source": "https://www.carlogos.org/logo/Autobianchi-logo.png" }
  },
  {
    "name": "International",
    "image": {
      "source": "https://www.carlogos.org/logo/International-Trucks-logo-640x550.jpg"
    }
  },
  {
    "name": "IKCO",
    "image": {
      "source": "https://www.carlogos.org/logo/Iran-Khodro-logo-640x550.jpg"
    }
  },
  {
    "name": "IC Bus",
    "image": {
      "source": "https://www.carlogos.org/logo/IC-Bus-logo-640x550.jpg"
    }
  },
  {
    "name": "Hyundai",
    "image": {
      "source": "https://www.carlogos.org/car-logos/hyundai-logo-2011-640.png"
    }
  },
  {
    "name": "Isdera",
    "image": { "source": "https://www.carlogos.org/logo/EDAG-logo.png" }
  },
  {
    "name": "Isuzu",
    "image": {
      "source": "https://www.carlogos.org/logo/Isuzu-logo-1991-640x106.jpg"
    }
  },
  {
    "name": "Iso",
    "image": { "source": "https://www.carlogos.org/logo/Iso-logo-640x550.jpg" }
  },
  {
    "name": "Irizar",
    "image": {
      "source": "https://www.carlogos.org/logo/Irizar-logo-640x189.jpg"
    }
  },
  {
    "name": "JAC",
    "image": {
      "source": "https://www.carlogos.org/logo/JAC-Motors-logo-2016-640x244.jpg"
    }
  },
  {
    "name": "Iveco",
    "image": {
      "source": "https://www.carlogos.org/logo/Iveco-logo-silver-640x122.jpg"
    }
  },
  {
    "name": "Jaguar",
    "image": {
      "source": "https://www.carlogos.org/car-logos/jaguar-logo-2021-640.png"
    }
  },
  {
    "name": "Jeep",
    "image": {
      "source": "https://www.carlogos.org/car-logos/jeep-logo-1993-640.png"
    }
  },
  {
    "name": "Jetta",
    "image": {
      "source": "https://www.carlogos.org/car-logos/jetta-logo-2019-1300x1100-show.png"
    }
  },
  {
    "name": "Jensen",
    "image": { "source": "https://www.carlogos.org/logo/Bristol-Cars-logo.png" }
  },
  {
    "name": "Jawa",
    "image": { "source": "https://www.carlogos.org/logo/Skoda-logo.png" }
  },
  {
    "name": "JMC",
    "image": {
      "source": "https://www.carlogos.org/logo/Jiangling-logo-640x550.jpg"
    }
  },
  {
    "name": "Kaiser",
    "image": { "source": "https://www.carlogos.org/logo/Auburn-logo.png" }
  },
  {
    "name": "Karma",
    "image": {
      "source": "https://www.carlogos.org/logo/Karma-logo-640x400.jpg"
    }
  },
  {
    "name": "Keating",
    "image": {
      "source": "https://www.carlogos.org/logo/Keating-Supercars-logo-640x300.jpg"
    }
  },
  {
    "name": "Karlmann King",
    "image": {
      "source": "https://www.carlogos.org/car-logos/karlmann-king-1400x1000-show.png"
    }
  },
  {
    "name": "Kamaz",
    "image": {
      "source": "https://www.carlogos.org/logo/Kamaz-logo-640x550.jpg"
    }
  },
  {
    "name": "Kenworth",
    "image": {
      "source": "https://www.carlogos.org/logo/Kenworth-logo-640x550.jpg"
    }
  },
  {
    "name": "JBA Motors",
    "image": {
      "source": "https://www.carlogos.org/logo/JBA-Motors-logo-640x205.jpg"
    }
  },
  {
    "name": "Kia",
    "image": { "source": "https://www.carlogos.org/logo/Kia-logo-640x321.jpg" }
  },
  {
    "name": "King Long",
    "image": {
      "source": "https://www.carlogos.org/car-logos/king-long-logo-3900x800-show.png"
    }
  },
  {
    "name": "Koenigsegg",
    "image": {
      "source": "https://www.carlogos.org/logo/Koenigsegg-logo-1994-640x550.jpg"
    }
  },
  {
    "name": "Lada",
    "image": {
      "source": "https://www.carlogos.org/logo/Lada-logo-silver-640x248.jpg"
    }
  },
  {
    "name": "KTM",
    "image": { "source": "https://www.carlogos.org/logo/KTM-logo-640x200.jpg" }
  },
  {
    "name": "Lancia",
    "image": {
      "source": "https://www.carlogos.org/logo/Lancia-logo-2007-640x550.jpg"
    }
  },
  {
    "name": "Lagonda",
    "image": {
      "source": "https://www.carlogos.org/logo/Lagonda-logo-2014-640x190.jpg"
    }
  },
  {
    "name": "Land Rover",
    "image": {
      "source": "https://www.carlogos.org/logo/Land-Rover-logo-2011-640x335.jpg"
    }
  },
  {
    "name": "Lamborghini",
    "image": {
      "source": "https://www.carlogos.org/car-logos/lamborghini-logo-1998-640.png"
    }
  },
  {
    "name": "Leyland",
    "image": {
      "source": "https://www.carlogos.org/logo/Leyland-logo-640x550.jpg"
    }
  },
  {
    "name": "Laraki",
    "image": {
      "source": "https://www.carlogos.org/logo/Laraki-logo-640x273.jpg"
    }
  },
  {
    "name": "Leapmotor",
    "image": {
      "source": "https://www.carlogos.org/car-logos/leapmotor-logo-1000x650-show.png"
    }
  },
  {
    "name": "Lifan",
    "image": {
      "source": "https://www.carlogos.org/logo/Lifan-logo-640x116.jpg"
    }
  },
  {
    "name": "Li Auto",
    "image": {
      "source": "https://www.carlogos.org/car-logos/lixiang-logo-1050x300-show.png"
    }
  },
  {
    "name": "Landwind",
    "image": {
      "source": "https://www.carlogos.org/logo/Landwind-logo-640x154.jpg"
    }
  },
  {
    "name": "Lexus",
    "image": {
      "source": "https://www.carlogos.org/logo/Lexus-logo-1988-640x266.jpg"
    }
  },
  {
    "name": "Lister",
    "image": {
      "source": "https://www.carlogos.org/logo/Lister-Cars-logo-640x550.jpg"
    }
  },
  {
    "name": "Ligier",
    "image": {
      "source": "https://www.carlogos.org/logo/Ligier-logo-640x392.jpg"
    }
  },
  {
    "name": "Lobini",
    "image": {
      "source": "https://www.carlogos.org/logo/Lobini-logo-640x304.jpg"
    }
  },
  {
    "name": "Lincoln",
    "image": {
      "source": "https://www.carlogos.org/logo/Lincoln-logo-2019-640x222.jpg"
    }
  },
  {
    "name": "Lordstown",
    "image": {
      "source": "https://www.carlogos.org/car-logos/lordstown-logo-2150x1100-show.png"
    }
  },
  {
    "name": "Lotus",
    "image": {
      "source": "https://www.carlogos.org/logo/Lotus-logo-2019-640x550.jpg"
    }
  },
  {
    "name": "LEVC",
    "image": {
      "source": "https://www.carlogos.org/logo/London-EV-Company-logo-640x299.jpg"
    }
  },
  {
    "name": "Luxgen",
    "image": {
      "source": "https://www.carlogos.org/logo/Luxgen-logo-2009-640x391.jpg"
    }
  },
  {
    "name": "Mack",
    "image": {
      "source": "https://www.carlogos.org/logo/Mack-logo-2014-640x314.jpg"
    }
  },
  {
    "name": "Mahindra",
    "image": {
      "source": "https://www.carlogos.org/logo/Mahindra-logo-640x316.jpg"
    }
  },
  {
    "name": "Lucid",
    "image": {
      "source": "https://www.carlogos.org/logo/Lucid-Motors-logo-640x36.jpg"
    }
  },
  {
    "name": "Mansory",
    "image": {
      "source": "https://www.carlogos.org/logo/Mansory-logo-640x60.jpg"
    }
  },
  {
    "name": "Lynk & Co",
    "image": {
      "source": "https://www.carlogos.org/car-logos/lynkco-logo-2150x400-show.png"
    }
  },
  {
    "name": "Marcos",
    "image": { "source": "https://www.carlogos.org/logo/Ascari-logo.png" }
  },
  {
    "name": "Marlin",
    "image": {
      "source": "https://www.carlogos.org/logo/Marlin-car-logo-640x324.jpg"
    }
  },
  {
    "name": "Maserati",
    "image": {
      "source": "https://www.carlogos.org/car-logos/maserati-logo-2020-640.png"
    }
  },
  {
    "name": "MAN",
    "image": { "source": "https://www.carlogos.org/logo/MAN-logo-640x355.jpg" }
  },
  {
    "name": "Mastretta",
    "image": {
      "source": "https://www.carlogos.org/logo/Mastretta-logo-old-640x550.jpg"
    }
  },
  {
    "name": "Maxus",
    "image": {
      "source": "https://www.carlogos.org/logo/Maxus-logo-2014-640x550.jpg"
    }
  },
  {
    "name": "MAZ",
    "image": { "source": "https://www.carlogos.org/logo/MAZ-logo-640x377.jpg" }
  },
  {
    "name": "Maybach",
    "image": {
      "source": "https://www.carlogos.org/logo/Maybach-logo-640x353.jpg"
    }
  },
  {
    "name": "Lloyd",
    "image": {
      "source": "https://www.carlogos.org/logo/Lloyd-logo-640x458.jpg"
    }
  },
  {
    "name": "Mazzanti",
    "image": {
      "source": "https://www.carlogos.org/logo/Mazzanti-Automobili-logo-2016-640x550.jpg"
    }
  },
  {
    "name": "Melkus",
    "image": {
      "source": "https://www.carlogos.org/logo/Melkus-logo-640x550.jpg"
    }
  },
  {
    "name": "Mercedes-AMG",
    "image": {
      "source": "https://www.carlogos.org/logo/AMG-logo-black-640x62.jpg"
    }
  },
  {
    "name": "Mercury",
    "image": {
      "source": "https://www.carlogos.org/logo/Mercury-logo-1980-640x550.jpg"
    }
  },
  {
    "name": "Mazda",
    "image": {
      "source": "https://www.carlogos.org/car-logos/mazda-logo-2018-vertical-640.png"
    }
  },
  {
    "name": "McLaren",
    "image": {
      "source": "https://www.carlogos.org/logo/McLaren-logo-2002-640x92.jpg"
    }
  },
  {
    "name": "Merkur",
    "image": {
      "source": "https://www.carlogos.org/logo/Merkur-logo-black-640x294.jpg"
    }
  },
  {
    "name": "MG",
    "image": {
      "source": "https://www.carlogos.org/logo/MG-logo-red-2010-640x550.jpg"
    }
  },
  {
    "name": "Mini",
    "image": {
      "source": "https://www.carlogos.org/logo/Mini-logo-2001-640x270.jpg"
    }
  },
  {
    "name": "Mercedes-Benz",
    "image": {
      "source": "https://www.carlogos.org/logo/Mercedes-Benz-logo-2011-640x369.jpg"
    }
  },
  {
    "name": "MEV",
    "image": {
      "source": "https://www.carlogos.org/logo/Mills-Extreme-Vehicles-logo-640x186.jpg"
    }
  },
  {
    "name": "Mitsuoka",
    "image": {
      "source": "https://www.carlogos.org/logo/Mitsuoka-logo-640x550.jpg"
    }
  },
  {
    "name": "Microcar",
    "image": {
      "source": "https://www.carlogos.org/logo/Microcar-logo-640x330.jpg"
    }
  },
  {
    "name": "Morgan",
    "image": {
      "source": "https://www.carlogos.org/logo/Morgan-logo-640x178.jpg"
    }
  },
  {
    "name": "MK",
    "image": {
      "source": "https://www.carlogos.org/car-logos/mk-sportscars-logo-1000x600-show.png"
    }
  },
  {
    "name": "Mitsubishi",
    "image": {
      "source": "https://www.carlogos.org/logo/Mitsubishi-logo-640x550.jpg"
    }
  },
  {
    "name": "Morris",
    "image": { "source": "https://www.carlogos.org/logo/MG-logo.png" }
  },
  {
    "name": "Mosler",
    "image": { "source": "https://www.carlogos.org/logo/Saleen-logo.png" }
  },
  {
    "name": "NIO",
    "image": {
      "source": "https://www.carlogos.org/car-logos/nio-logo-1800x700-show.png"
    }
  },
  {
    "name": "Navistar",
    "image": {
      "source": "https://www.carlogos.org/logo/Navistar-International-logo-640x104.jpg"
    }
  },
  {
    "name": "Nissan",
    "image": {
      "source": "https://www.carlogos.org/car-logos/nissan-logo-2020-black-show.png"
    }
  },
  {
    "name": "NEVS",
    "image": {
      "source": "https://www.carlogos.org/car-logos/nevs-logo-2100x450-show.png"
    }
  },
  {
    "name": "Nissan GT-R",
    "image": { "source": "https://www.carlogos.org/logo/GT-R-logo-640x454.jpg" }
  },
  {
    "name": "Nissan Nismo",
    "image": { "source": "https://www.carlogos.org/logo/Nismo-logo-640x79.jpg" }
  },
  {
    "name": "Nikola",
    "image": {
      "source": "https://www.carlogos.org/car-logos/nikola-logo-2100x600-show.png"
    }
  },
  {
    "name": "Oltcit",
    "image": { "source": "https://www.carlogos.org/logo/ARO-logo.png" }
  },
  {
    "name": "Noble",
    "image": {
      "source": "https://www.carlogos.org/logo/Noble-logo-640x375.jpg"
    }
  },
  {
    "name": "Oldsmobile",
    "image": {
      "source": "https://www.carlogos.org/logo/Oldsmobile-logo-1996-640x260.jpg"
    }
  },
  {
    "name": "Packard",
    "image": {
      "source": "https://www.carlogos.org/car-logos/packard-logo-650x650-show.png"
    }
  },
  {
    "name": "Pagani",
    "image": {
      "source": "https://www.carlogos.org/logo/Pagani-logo-1992-640x343.jpg"
    }
  },
  {
    "name": "Opel",
    "image": {
      "source": "https://www.carlogos.org/logo/Opel-logo-2009-640x496.jpg"
    }
  },
  {
    "name": "OSCA",
    "image": { "source": "https://www.carlogos.org/logo/Innocenti-logo.png" }
  },
  {
    "name": "Paccar",
    "image": {
      "source": "https://www.carlogos.org/logo/Paccar-logo-640x110.jpg"
    }
  },
  {
    "name": "Pegaso",
    "image": {
      "source": "https://www.carlogos.org/logo/Pegaso-logo-black-640x550.jpg"
    }
  },
  {
    "name": "Perodua",
    "image": {
      "source": "https://www.carlogos.org/logo/Perodua-logo-2008-640x434.jpg"
    }
  },
  {
    "name": "Peterbilt",
    "image": {
      "source": "https://www.carlogos.org/logo/Peterbilt-logo-640x325.jpg"
    }
  },
  {
    "name": "Panhard",
    "image": { "source": "https://www.carlogos.org/logo/Facel-Vega-logo.png" }
  },
  {
    "name": "Panoz",
    "image": {
      "source": "https://www.carlogos.org/logo/Panoz-logo-640x550.jpg"
    }
  },
  {
    "name": "Pierce-Arrow",
    "image": { "source": "https://www.carlogos.org/logo/Cole-logo.png" }
  },
  {
    "name": "Peugeot",
    "image": {
      "source": "https://www.carlogos.org/logo/Peugeot-logo-2010-640x451.jpg"
    }
  },
  {
    "name": "Pininfarina",
    "image": {
      "source": "https://www.carlogos.org/logo/Pininfarina-logo-640x232.jpg"
    }
  },
  {
    "name": "Pontiac",
    "image": {
      "source": "https://www.carlogos.org/logo/Pontiac-logo-640x440.jpg"
    }
  },
  {
    "name": "Porsche",
    "image": {
      "source": "https://www.carlogos.org/car-logos/porsche-logo-2014-full-640.png"
    }
  },
  {
    "name": "Praga",
    "image": {
      "source": "https://www.carlogos.org/logo/Praga-logo-blue-640x284.jpg"
    }
  },
  {
    "name": "PGO",
    "image": { "source": "https://www.carlogos.org/logo/PGO-logo-640x550.jpg" }
  },
  {
    "name": "Plymouth",
    "image": {
      "source": "https://www.carlogos.org/logo/Plymouth-logo-640x550.jpg"
    }
  },
  {
    "name": "Qoros",
    "image": {
      "source": "https://www.carlogos.org/logo/Qoros-logo-2007-640x454.jpg"
    }
  },
  {
    "name": "Proton",
    "image": {
      "source": "https://www.carlogos.org/logo/Proton-logo-2016-640x550.jpg"
    }
  },
  {
    "name": "Premier",
    "image": {
      "source": "https://www.carlogos.org/logo/Premier-logo-640x242.jpg"
    }
  },
  {
    "name": "Radical",
    "image": {
      "source": "https://www.carlogos.org/logo/Radical-Sportscars-logo-640x215.jpg"
    }
  },
  {
    "name": "Polestar",
    "image": {
      "source": "https://www.carlogos.org/logo/Polestar-logo-640x505.jpg"
    }
  },
  {
    "name": "Rambler",
    "image": {
      "source": "https://www.carlogos.org/logo/Rambler-logo-640x550.jpg"
    }
  },
  {
    "name": "RAM",
    "image": {
      "source": "https://www.carlogos.org/logo/RAM-logo-2009-640x550.jpg"
    }
  },
  {
    "name": "Prodrive",
    "image": {
      "source": "https://www.carlogos.org/logo/Prodrive-logo-640x103.jpg"
    }
  },
  {
    "name": "Ranz",
    "image": { "source": "https://www.carlogos.org/logo/Ranz-logo-640x268.jpg" }
  },
  {
    "name": "Rezvani",
    "image": {
      "source": "https://www.carlogos.org/logo/Rezvani-logo-640x345.jpg"
    }
  },
  {
    "name": "Renault Samsung",
    "image": {
      "source": "https://www.carlogos.org/logo/Renault-Samsung-Motors-logo-640x368.jpg"
    }
  },
  {
    "name": "Riley",
    "image": { "source": "https://www.carlogos.org/logo/Marcos-logo.png" }
  },
  {
    "name": "Rimac",
    "image": {
      "source": "https://www.carlogos.org/logo/Rimac-logo-2016-640x550.jpg"
    }
  },
  {
    "name": "Rinspeed",
    "image": {
      "source": "https://www.carlogos.org/logo/Rinspeed-logo-640x65.jpg"
    }
  },
  {
    "name": "Rivian",
    "image": {
      "source": "https://www.carlogos.org/car-logos/rivian-logo-black-1300x1150-show.png"
    }
  },
  {
    "name": "Roewe",
    "image": {
      "source": "https://www.carlogos.org/logo/Roewe-logo-2006-640x550.jpg"
    }
  },
  {
    "name": "Renault",
    "image": {
      "source": "https://www.carlogos.org/logo/Renault-logo-2015-640x550.jpg"
    }
  },
  {
    "name": "Rolls-Royce",
    "image": {
      "source": "https://www.carlogos.org/logo/Rolls-Royce-logo-640x550.jpg"
    }
  },
  {
    "name": "Rover",
    "image": {
      "source": "https://www.carlogos.org/logo/Rover-logo-2003-640x550.jpg"
    }
  },
  {
    "name": "RUF",
    "image": { "source": "https://www.carlogos.org/logo/Ruf-logo-640x282.jpg" }
  },
  {
    "name": "Rossion",
    "image": {
      "source": "https://www.carlogos.org/logo/Rossion-logo-640x550.jpg"
    }
  },
  {
    "name": "Ronart",
    "image": {
      "source": "https://www.carlogos.org/logo/Ronart-Cars-logo-640x385.jpg"
    }
  },
  {
    "name": "Saab",
    "image": {
      "source": "https://www.carlogos.org/logo/Saab-logo-2013-640x143.jpg"
    }
  },
  {
    "name": "Saturn",
    "image": {
      "source": "https://www.carlogos.org/logo/Saturn-logo-1985-640x550.jpg"
    }
  },
  {
    "name": "Scania",
    "image": {
      "source": "https://www.carlogos.org/logo/Scania-logo-640x169.jpg"
    }
  },
  {
    "name": "Scion",
    "image": {
      "source": "https://www.carlogos.org/logo/Scion-logo-2003-640x442.jpg"
    }
  },
  {
    "name": "Saipa",
    "image": {
      "source": "https://www.carlogos.org/logo/Saipa-logo-640x550.jpg"
    }
  },
  {
    "name": "Setra",
    "image": {
      "source": "https://www.carlogos.org/logo/Setra-logo-640x135.jpg"
    }
  },
  {
    "name": "Saleen",
    "image": { "source": "https://www.carlogos.org/logo/Hennessey-logo.png" }
  },
  {
    "name": "Shacman",
    "image": {
      "source": "https://www.carlogos.org/car-logos/shacman-logo-1400x1400-show.png"
    }
  },
  {
    "name": "SEAT",
    "image": {
      "source": "https://www.carlogos.org/logo/SEAT-logo-2012-640x508.jpg"
    }
  },
  {
    "name": "Sinotruk",
    "image": {
      "source": "https://www.carlogos.org/car-logos/sinotruk-logo-1100x1100-show.png"
    }
  },
  {
    "name": "Singer",
    "image": { "source": "https://www.carlogos.org/logo/Marcos-logo.png" }
  },
  {
    "name": "SAIC Motor",
    "image": {
      "source": "https://www.carlogos.org/logo/SAIC-Motor-logo-640x550.jpg"
    }
  },
  {
    "name": "Sisu",
    "image": { "source": "https://www.carlogos.org/logo/Sisu-logo-640x550.jpg" }
  },
  {
    "name": "Škoda",
    "image": {
      "source": "https://www.carlogos.org/logo/Skoda-logo-2016-640x550.jpg"
    }
  },
  {
    "name": "Smart",
    "image": {
      "source": "https://www.carlogos.org/logo/Smart-logo-1994-640x550.jpg"
    }
  },
  {
    "name": "Simca",
    "image": {
      "source": "https://www.carlogos.org/logo/Simca-logo-640x550.jpg"
    }
  },
  {
    "name": "Soueast",
    "image": {
      "source": "https://www.carlogos.org/logo/Soueast-logo-1995-640x459.jpg"
    }
  },
  {
    "name": "SsangYong",
    "image": {
      "source": "https://www.carlogos.org/logo/SsangYong-logo-640x422.jpg"
    }
  },
  {
    "name": "Spyker",
    "image": {
      "source": "https://www.carlogos.org/logo/Spyker-logo-black-640x335.jpg"
    }
  },
  {
    "name": "Singulato",
    "image": {
      "source": "https://www.carlogos.org/car-logos/singulato-logo-1050x400-show.png"
    }
  },
  {
    "name": "Spirra",
    "image": {
      "source": "https://www.carlogos.org/logo/Spirra-logo-640x529.jpg"
    }
  },
  {
    "name": "SSC",
    "image": { "source": "https://www.carlogos.org/logo/SSC-logo-640x550.jpg" }
  },
  {
    "name": "Sterling",
    "image": {
      "source": "https://www.carlogos.org/logo/Sterling-logo-640x367.jpg"
    }
  },
  {
    "name": "Subaru",
    "image": {
      "source": "https://www.carlogos.org/car-logos/subaru-logo-2019-640.png"
    }
  },
  {
    "name": "Spania GTA",
    "image": {
      "source": "https://www.carlogos.org/logo/GTA-Motor-logo-640x550.jpg"
    }
  },
  {
    "name": "Suzuki",
    "image": {
      "source": "https://www.carlogos.org/logo/Suzuki-logo-640x285.jpg"
    }
  },
  {
    "name": "Suffolk",
    "image": {
      "source": "https://www.carlogos.org/logo/Suffolk-Sportscars-logo-640x315.jpg"
    }
  },
  {
    "name": "Tata",
    "image": {
      "source": "https://www.carlogos.org/logo/Tata-logo-2000-640x550.jpg"
    }
  },
  {
    "name": "Studebaker",
    "image": {
      "source": "https://www.carlogos.org/logo/Studebaker-logo-640x550.jpg"
    }
  },
  {
    "name": "Tatra",
    "image": {
      "source": "https://www.carlogos.org/logo/Tatra-logo-640x550.jpg"
    }
  },
  {
    "name": "TechArt",
    "image": {
      "source": "https://www.carlogos.org/logo/TechArt-logo-640x395.jpg"
    }
  },
  {
    "name": "Tauro",
    "image": {
      "source": "https://www.carlogos.org/logo/Tauro-Sport-Auto-logo-640x450.jpg"
    }
  },
  {
    "name": "Tesla",
    "image": {
      "source": "https://www.carlogos.org/car-logos/tesla-logo-2007-full-640.png"
    }
  },
  {
    "name": "Talbot",
    "image": {
      "source": "https://www.carlogos.org/logo/Talbot-logo-640x550.jpg"
    }
  },
  {
    "name": "Stutz",
    "image": {
      "source": "https://www.carlogos.org/car-logos/stutz-logo-800x600-show.png"
    }
  },
  {
    "name": "Toyota Crown",
    "image": {
      "source": "https://www.carlogos.org/logo/Toyota-Crown-logo-640x550.jpg"
    }
  },
  {
    "name": "Toyota",
    "image": {
      "source": "https://www.carlogos.org/car-logos/toyota-logo-2020-europe-640.png"
    }
  },
  {
    "name": "Toyota Century",
    "image": {
      "source": "https://www.carlogos.org/car-logos/toyota-century-logo-900x1000-show.png"
    }
  },
  {
    "name": "Trion",
    "image": {
      "source": "https://www.carlogos.org/logo/Trion-logo-640x404.jpg"
    }
  },
  {
    "name": "Triumph",
    "image": {
      "source": "https://www.carlogos.org/logo/Triumph-logo-640x550.jpg"
    }
  },
  {
    "name": "Toyota Alphard",
    "image": {
      "source": "https://www.carlogos.org/car-logos/toyota-alphard-logo-500x600-show.png"
    }
  },
  {
    "name": "Troller",
    "image": {
      "source": "https://www.carlogos.org/logo/Troller-logo-640x108.jpg"
    }
  },
  {
    "name": "UD",
    "image": {
      "source": "https://www.carlogos.org/logo/UD-Trucks-logo-640x508.jpg"
    }
  },
  {
    "name": "Tucker",
    "image": {
      "source": "https://www.carlogos.org/car-logos/tucker-logo-700x900-show.png"
    }
  },
  {
    "name": "Vandenbrink",
    "image": { "source": "https://www.carlogos.org/logo/Spyker-logo.png" }
  },
  {
    "name": "UAZ",
    "image": { "source": "https://www.carlogos.org/logo/UAZ-logo-640x364.jpg" }
  },
  {
    "name": "TVR",
    "image": { "source": "https://www.carlogos.org/logo/TVR-logo-640x224.jpg" }
  },
  {
    "name": "Ultima",
    "image": {
      "source": "https://www.carlogos.org/logo/Ultima-Sports-logo-640x149.jpg"
    }
  },
  {
    "name": "Tramontana",
    "image": {
      "source": "https://www.carlogos.org/logo/Tramontana-logo-black-640x384.jpg"
    }
  },
  {
    "name": "Vector",
    "image": {
      "source": "https://www.carlogos.org/logo/Vector-Motors-logo-640x480.jpg"
    }
  },
  {
    "name": "Venturi",
    "image": { "source": "https://www.carlogos.org/logo/Ligier-logo.png" }
  },
  {
    "name": "Vauxhall",
    "image": {
      "source": "https://www.carlogos.org/logo/Vauxhall-logo-2008-red-640x478.jpg"
    }
  },
  {
    "name": "Venucia",
    "image": {
      "source": "https://www.carlogos.org/logo/Venucia-logo-2017-640x260.jpg"
    }
  },
  {
    "name": "Vencer",
    "image": {
      "source": "https://www.carlogos.org/logo/Vencer-logo-640x479.jpg"
    }
  },
  {
    "name": "VLF",
    "image": {
      "source": "https://www.carlogos.org/car-logos/vlf-logo-600x900-show.png"
    }
  },
  {
    "name": "VinFast",
    "image": {
      "source": "https://www.carlogos.org/car-logos/vinfast-logo-900x850-show.png"
    }
  },
  {
    "name": "Volkswagen",
    "image": {
      "source": "https://www.carlogos.org/logo/Volkswagen-logo-2019-640x500.jpg"
    }
  },
  {
    "name": "Wartburg",
    "image": {
      "source": "https://www.carlogos.org/logo/Wartburg-logo-640x167.jpg"
    }
  },
  {
    "name": "W Motors",
    "image": {
      "source": "https://www.carlogos.org/logo/W-Motors-logo-640x550.jpg"
    }
  },
  {
    "name": "Wanderer",
    "image": {
      "source": "https://www.carlogos.org/logo/Wanderer-logo-black-640x311.jpg"
    }
  },
  {
    "name": "Weltmeister",
    "image": {
      "source": "https://www.carlogos.org/car-logos/weltmeister-logo-1200x900-show.png"
    }
  },
  {
    "name": "Volvo",
    "image": {
      "source": "https://www.carlogos.org/logo/Volvo-logo-2014-640x550.jpg"
    }
  },
  {
    "name": "WEY",
    "image": {
      "source": "https://www.carlogos.org/car-logos/wey-logo-800x1100-show.png"
    }
  },
  {
    "name": "Willys-Overland",
    "image": {
      "source": "https://www.carlogos.org/logo/Willys-Overland-logo-640x550.jpg"
    }
  },
  {
    "name": "Wiesmann",
    "image": {
      "source": "https://www.carlogos.org/logo/Wiesmann-logo-640x550.jpg"
    }
  },
  {
    "name": "Wuling",
    "image": {
      "source": "https://www.carlogos.org/logo/Wuling-logo-640x542.jpg"
    }
  },
  {
    "name": "Westfield",
    "image": {
      "source": "https://www.carlogos.org/logo/Westfield-logo-640x550.jpg"
    }
  },
  {
    "name": "Western Star",
    "image": {
      "source": "https://www.carlogos.org/logo/Western-Star-logo-640x419.jpg"
    }
  },
  {
    "name": "Yutong",
    "image": {
      "source": "https://www.carlogos.org/car-logos/yutong-logo-2100x1300-show.png"
    }
  },
  {
    "name": "Workhorse",
    "image": {
      "source": "https://www.carlogos.org/car-logos/workhorse-logo-1400x650-show.png"
    }
  },
  {
    "name": "XPeng",
    "image": {
      "source": "https://www.carlogos.org/car-logos/xpeng-logo-2021-2700x1100-show.png"
    }
  },
  {
    "name": "Zarooq Motors",
    "image": {
      "source": "https://www.carlogos.org/logo/Zarooq-Motors-logo-640x526.jpg"
    }
  },
  {
    "name": "Zastava",
    "image": { "source": "https://www.carlogos.org/logo/Gilbern-logo.png" }
  },
  {
    "name": "Zenvo",
    "image": {
      "source": "https://www.carlogos.org/logo/Zenvo-logo-2009-640x550.jpg"
    }
  },
  {
    "name": "Zenos",
    "image": {
      "source": "https://www.carlogos.org/logo/Zenos-Cars-logo-640x466.jpg"
    }
  },
  {
    "name": "Zinoro",
    "image": {
      "source": "https://www.carlogos.org/car-logos/zhinuo-logo-800x600-show.png"
    }
  },
  {
    "name": "Zhongtong",
    "image": {
      "source": "https://www.carlogos.org/car-logos/zhongtong-logo-1400x1100-show.png"
    }
  },
  {
    "name": "Yulon",
    "image": {
      "source": "https://www.carlogos.org/logo/Yulon-logo-640x142.jpg"
    }
  },
  {
    "name": "Zotye",
    "image": {
      "source": "https://www.carlogos.org/logo/Zotye-logo-640x146.jpg"
    }
  },
  {
    "name": "ZAZ",
    "image": { "source": "https://www.carlogos.org/logo/ZAZ-logo-640x294.jpg" }
  },
  {
    "name": "Zeekr",
    "image": {
      "source": "https://www.carlogos.org/car-logos/zeekr-logo-2300x700-show.png"
    }
  }
]
